{"cameraMode":{"drawMode":0,"name":"Shaded","section":"Shading Mode"},"sceneLighting":true,"audioPlay":false,"sceneViewState":{"m_AlwaysRefresh":false,"showFog":true,"showSkybox":true,"showFlares":true,"showImageEffects":true,"showParticleSystems":true,"showVisualEffectGraphs":true,"m_FxEnabled":true},"in2DMode":false,"pivot":{"x":3.2948110103607179,"y":10.462185859680176,"z":4.99949312210083},"rotation":{"x":0.0566423125565052,"y":-0.024860206991434099,"z":-0.0014107379829511047,"w":-0.998084306716919},"size":19.822647094726564,"orthographic":false}